Changes made at Sat Aug  9 05:58:18 UTC 2025
Changes made at Thu Nov 20 14:24:18 UTC 2025
Changes made at Thu Nov 20 16:13:47 UTC 2025
Changes made at Fri Nov 21 08:16:11 UTC 2025
Changes made at Fri Nov 21 10:11:34 UTC 2025
Changes made at Fri Nov 21 14:10:47 UTC 2025
Changes made at Fri Nov 21 16:13:33 UTC 2025
Changes made at Sat Nov 22 08:13:38 UTC 2025
Changes made at Sat Nov 22 10:10:19 UTC 2025
Changes made at Sat Nov 22 14:08:32 UTC 2025
Changes made at Sat Nov 22 16:11:22 UTC 2025
Changes made at Sun Nov 23 08:13:31 UTC 2025
Changes made at Sun Nov 23 10:10:17 UTC 2025
Changes made at Sun Nov 23 14:08:48 UTC 2025
Changes made at Sun Nov 23 16:11:30 UTC 2025
Changes made at Mon Nov 24 08:16:45 UTC 2025
Changes made at Mon Nov 24 10:13:11 UTC 2025
Changes made at Mon Nov 24 14:11:46 UTC 2025
Changes made at Mon Nov 24 16:11:58 UTC 2025
Changes made at Tue Nov 25 08:16:01 UTC 2025
Changes made at Tue Nov 25 10:13:01 UTC 2025
Changes made at Tue Nov 25 14:11:19 UTC 2025
Changes made at Tue Nov 25 16:14:27 UTC 2025
Changes made at Wed Nov 26 08:15:43 UTC 2025
Changes made at Wed Nov 26 10:12:58 UTC 2025
Changes made at Wed Nov 26 14:11:34 UTC 2025
Changes made at Wed Nov 26 16:13:45 UTC 2025
Changes made at Thu Nov 27 08:16:37 UTC 2025
Changes made at Thu Nov 27 10:12:47 UTC 2025
Changes made at Thu Nov 27 14:11:11 UTC 2025
Changes made at Thu Nov 27 16:13:07 UTC 2025
Changes made at Fri Nov 28 08:16:07 UTC 2025
Changes made at Fri Nov 28 10:12:07 UTC 2025
Changes made at Fri Nov 28 14:10:52 UTC 2025
Changes made at Fri Nov 28 16:13:05 UTC 2025
Changes made at Sat Nov 29 08:14:01 UTC 2025
Changes made at Sat Nov 29 10:10:44 UTC 2025
Changes made at Sat Nov 29 14:09:30 UTC 2025
Changes made at Sat Nov 29 16:11:48 UTC 2025
Changes made at Sun Nov 30 08:13:16 UTC 2025
Changes made at Sun Nov 30 10:10:25 UTC 2025
Changes made at Sun Nov 30 14:09:23 UTC 2025
Changes made at Sun Nov 30 16:11:46 UTC 2025
Changes made at Mon Dec  1 08:18:03 UTC 2025
Changes made at Mon Dec  1 10:13:37 UTC 2025
Changes made at Mon Dec  1 14:12:27 UTC 2025
Changes made at Mon Dec  1 16:15:32 UTC 2025
Changes made at Tue Dec  2 08:16:55 UTC 2025
Changes made at Tue Dec  2 10:12:54 UTC 2025
Changes made at Tue Dec  2 14:12:37 UTC 2025
Changes made at Tue Dec  2 16:15:00 UTC 2025
Changes made at Wed Dec  3 08:16:14 UTC 2025
Changes made at Wed Dec  3 10:13:12 UTC 2025
Changes made at Wed Dec  3 14:12:06 UTC 2025
Changes made at Wed Dec  3 16:16:05 UTC 2025
Changes made at Thu Dec  4 08:16:55 UTC 2025
Changes made at Thu Dec  4 10:13:44 UTC 2025
Changes made at Thu Dec  4 14:12:15 UTC 2025
Changes made at Thu Dec  4 16:15:15 UTC 2025
Changes made at Fri Dec  5 08:15:43 UTC 2025
Changes made at Fri Dec  5 10:12:09 UTC 2025
